slug,product_id,rating,review_date,updated_date,status,sweetness,body_level,acidity_level,descriptor_ids,method_facet,abv_bucket,wine_color
heineken-0-0,TDS-0103,53,2026-09-18,2026-09-20,published,2,,,"oxidative,toasted_grain",vacuum-distillation,zero,
king-maui-sauvignon-blanc,TDS-0056,79,2026-09-18,2026-09-20,published,,1,3,passionfruit,unpublished,half,white
giesen-0-riesling,TDS-0007,87,2026-09-18,2026-09-20,published,2,1,,"lime,citrus_blossom,mandarin",spinning-cone,half,white
giesen-0-rose,TDS-0018,86,2026-09-18,2026-09-20,published,2,1,3,"white_peach,apple,strawberry",spinning-cone,half,rose
giesen-0-sauvignon-blanc,TDS-0054,85,2026-09-18,2026-09-20,published,,1,3,"grapefruit_pith,passionfruit",spinning-cone,half,white
freixenet-sparkling-rose,TDS-0011,78,2026-09-18,2026-09-20,published,2,,3,"red_berry,citrus",vacuum-distillation,half,sparkling-rose
freixenet-0-0,TDS-0072,79,2026-09-18,2026-09-20,published,2,,,"passionfruit,citrus",vacuum-distillation,half,sparkling
grolsch-0-0,TDS-0048,80,2026-09-18,2026-09-20,published,,,3,fruit,unpublished,zero,
mionetto-italy-white-wine,TDS-0031,79,2026-09-18,2026-09-20,published,2,1,3,"pear,white_peach",unpublished,half,sparkling-rose
nozeco-brut-rose,TDS-0059,76,2026-09-18,2026-09-20,published,,1,,"strawberry,red_berry",unpublished,zero,sparkling-rose
kolonne-null-riesling,TDS-0020,87,2026-09-18,2026-09-20,published,2,1,3,quince,vacuum-distillation,zero,white
chloe-pinot-grigio,TDS-0082,75,2026-09-18,2026-09-20,published,,1,3,"citrus,lemon,lime,green_apple",unpublished,half,white
dr-lo-alcohol-removed-riesling,TDS-0106,86,2026-09-19,2026-09-20,published,2,1,3,"lime_zest,green_apple,slate",vacuum-distillation,half,white
90-cellars-lot-229,TDS-0014,83,2026-09-18,2026-09-20,published,2,,,"strawberry,cranberry,raspberry",reverse-osmosis,half,sparkling-rose
erdinger-alkoholfrei,TDS-0066,82,2026-09-18,2026-09-20,published,2,1,,fruit,unpublished,half,
lyres-amalfi-spritz,TDS-0034,83,2026-09-18,2026-09-20,published,2,1,3,"orange_peel,rhubarb,blossom",not-applicable,half,
deschutes-black-butte-na,TDS-0110,87,2026-09-20,2026-09-20,published,,2,,"chocolate,coffee,malt,roasted",other,half,
cypher-organic-white,TDS-0114,85,2026-09-20,2026-09-20,published,2,2,3,"pineapple,passionfruit,lychee,citrus,blossom",unpublished,zero,white
plaisir-anais-white,TDS-0112,82,2026-09-20,2026-09-20,published,2,1,2,"citrus,lemon,green_apple,blossom,botanical",vacuum-distillation,zero,white
tip-top-white,TDS-0113,86,2026-09-20,2026-09-20,published,2,1,3,"banana,pineapple,beeswax,citrus,blossom",vacuum-distillation,zero,white
blanc-de-blanc,TDS-0058,87,2026-09-18,2026-09-20,published,,,,bready,vacuum-distillation,half,sparkling
oddbird-blanc-de-blancs,TDS-0100,84,2026-09-18,2026-09-20,published,2,,,green_apple,vacuum-distillation,zero,sparkling
elivo-adegga-baezza,TDS-0116,81,2026-09-20,2026-09-20,published,3,2,1,"tropical,apple,blossom,botanical",other,zero,white
hop-wtr-blood-orange,TDS-0036,78,2026-09-18,2026-09-20,published,,1,3,citrus,not-applicable,zero,
halfway-crooks-brevet-ipa,TDS-0005,90,2026-09-18,2026-09-20,published,,1,,"orange_peel,biscuit",unpublished,half,
halfway-crooks-brevet-pils,TDS-0008,88,2026-09-18,2026-09-20,published,,,3,"fennel,biscuit,lemon,orange",unpublished,half,
appalina-chardonnay,TDS-0003,79,2026-09-18,2026-09-20,published,,1,,"lemon,pear,green_apple,mineral",vacuum-distillation,half,white
ariel-chardonnay,TDS-0086,79,2026-09-18,2026-09-20,published,,1,,passionfruit,spinning-cone,half,white
be-free-chardonnay,TDS-0006,76,2026-09-18,2026-09-20,draft,2,1,,"pear,green_apple",unpublished,half,white
butter-zero-chardonnay,TDS-0081,76,2026-09-18,2026-09-20,published,,1,,pear,unpublished,half,white
clearscape-chardonnay,TDS-0021,75,2026-09-18,2026-09-20,published,,1,3,"white_peach,melon,almond",unpublished,half,white
crodino-non-alcoholic-spritz,TDS-0032,78,2026-09-18,2026-09-20,published,2,,,"orange_peel,gentian",not-applicable,zero,
valckenberg-zero-sparkling,TDS-0065,78,2026-09-18,2026-09-20,published,,1,,lemon,unpublished,zero,sparkling
nonny-czech-pilsner,TDS-0047,83,2026-09-18,2026-09-20,published,,1,3,malt,unpublished,half,
flying-dog-deep-fake,TDS-0088,77,2026-09-18,2026-09-20,published,,1,,"citrus,hops",unpublished,half,
asahi-dry-zero,TDS-0045,76,2026-09-18,2026-09-20,published,2,1,,"toasted_grain,malt",not-applicable,zero,
athletic-esb,TDS-0069,82,2026-09-18,2026-09-20,published,2,,,"malt,hops",unpublished,half,
leitz-eins-zwei-zero-riesling,TDS-0096,88,2026-09-18,2026-09-20,published,2,1,3,"lime_zest,green_apple,rhubarb,mineral",vacuum-distillation,half,white
leitz-sparkling-blanc-de-blancs,TDS-0071,84,2026-09-18,2026-09-20,published,,,3,green_apple,spinning-cone,zero,sparkling
leitz-eins-zwei-zero-sparkling-riesling,TDS-0016,88,2026-09-18,2026-09-20,published,2,1,3,"green_apple,citrus,mineral",vacuum-distillation,half,sparkling
leitz-sparkling-rose,TDS-0068,83,2026-09-18,2026-09-20,published,,1,3,"strawberry,red_fruit",spinning-cone,zero,sparkling-rose
untitled-art-flvr-italian-pils,TDS-0052,83,2026-09-18,2026-09-20,published,2,,3,floral,reverse-osmosis,half,
untitled-art-flvr-juicy-ipa,TDS-0089,82,2026-09-18,2026-09-20,published,,,,citrus,reverse-osmosis,half,
untitled-art-flvr-mango-dragonfruit,TDS-0044,84,2026-09-18,2026-09-20,published,,1,3,"mango,passionfruit",reverse-osmosis,half,
fio-fabelhaft-riesling,TDS-0073,81,2026-09-18,2026-09-20,published,2,1,3,"pear,citrus_blossom,nectarine",unpublished,half,white
band-of-vintners-freestyle,TDS-0019,80,2026-09-18,2026-09-20,published,,1,,"orange_peel,tea,stone",unpublished,half,
grad-36,TDS-0029,84,2026-09-18,2026-09-20,published,2,,3,"plum,spice,blackcurrant,lavender",unpublished,half,red
pure-project-grounded,TDS-0090,83,2026-09-18,2026-09-20,published,,1,,"lemongrass,grapefruit,orange,hops",unpublished,half,
guinness-0-0,TDS-0097,91,2026-09-18,2026-09-20,published,2,1,,"roasted_barley,cocoa_nib,coffee",membrane-filtration,zero,
lagunitas-hazy-ipna,TDS-0015,82,2026-09-18,2026-09-20,published,2,1,,passionfruit,unpublished,half,
valckenberg-not-a-sin,TDS-0075,77,2026-09-18,2026-09-20,published,2,2,3,"orange,lemon,ginger,lime,grapefruit,blossom,mineral,lime_zest",unpublished,half,sparkling
lyres-italian-orange,TDS-0099,82,2026-09-18,2026-09-20,published,2,,,"blood_orange,grapefruit,cherry",not-applicable,half,
spiritless-jalisco-55,TDS-0094,82,2026-09-18,2026-09-20,published,,1,,"oak,vanilla",other,zero,
christian-drouin-poire,TDS-0051,84,2026-09-18,2026-09-20,published,2,1,3,"pear,blossom",not-applicable,zero,
spiritless-kentucky-74,TDS-0092,78,2026-09-18,2026-09-20,published,,1,,"caramel,vanilla",other,half,
best-day-kolsch,TDS-0035,84,2026-09-18,2026-09-20,published,,1,3,"malt,green_apple",unpublished,half,
french-bloom-le-blanc,TDS-0039,84,2026-09-18,2026-09-20,published,,,3,"pear,citrus",vacuum-distillation,zero,sparkling
90-cellars-lot-230,TDS-0033,80,2026-09-18,2026-09-20,published,,,3,"bready,green_apple",reverse-osmosis,half,sparkling
tired-hands-n-alien-church,TDS-0063,88,2026-09-18,2026-09-20,published,,,,"passionfruit,hops",unpublished,half,
hitachino-nest-non-ale,TDS-0105,81,2026-09-19,2026-09-20,published,3,2,,"malt,toasted_grain,hops",unpublished,half,
deschutes-fresh-squeezed-na,TDS-0093,84,2026-09-18,2026-09-20,published,,2,,"citrus,grapefruit",reverse-osmosis,half,
penns-best-lager,TDS-0085,72,2026-09-18,2026-09-20,published,,1,,"malt,toasted_grain",unpublished,half,
savyll-moscow-mule,TDS-0013,73,2026-09-18,2026-09-20,published,2,,,"ginger,lime_zest",not-applicable,half,
lapos-negroni,TDS-0040,81,2026-09-18,2026-09-20,published,2,,,orange_peel,not-applicable,half,
heidemanns-bergweiler-riesling,TDS-0017,79,2026-09-18,2026-09-20,published,2,1,3,"lime,green_apple,slate",unpublished,zero,white
de-nada-rose,TDS-0070,79,2026-09-18,2026-09-20,published,,1,,"red_berry,citrus",unpublished,half,rose
st-regis-non-alcoholic-rose,TDS-0095,76,2026-09-18,2026-09-20,published,2,2,3,"strawberry,raspberry,balsamic,molasses",vacuum-distillation,half,rose
biagio-cru-rose-all-day,TDS-0026,71,2026-09-18,2026-09-20,published,2,1,3,red_berry,unpublished,zero,rose
missing-thorn-still-white,TDS-0067,81,2026-09-18,2026-09-20,published,,1,3,lychee,unpublished,half,white
noughty-dealcoholized-rose,TDS-0027,84,2026-09-18,2026-09-20,published,,,,apricot,spinning-cone,half,rose
noughty-sparkling-chardonnay,TDS-0098,84,2026-09-18,2026-09-20,published,2,1,,"apple,lemon",vacuum-distillation,zero,sparkling
dc-brau-pale-ale,TDS-0009,76,2026-09-18,2026-09-20,published,2,1,,"citrus,biscuit",other,half,
baladin-passione-in-rosso,TDS-0091,80,2026-09-18,2026-09-20,published,2,,,"orange,botanical",not-applicable,zero,
eric-bordelet-perlant,TDS-0055,86,2026-09-18,2026-09-20,published,,1,,"floral,apple",not-applicable,zero,
stagrestis-phony-negroni,TDS-0038,86,2026-09-18,2026-09-20,published,2,,,"gentian,hops",not-applicable,zero,
ollivier-cottenceau-phenomene,TDS-0060,84,2026-09-18,2026-09-20,published,2,,3,green_apple,unpublished,half,white
butter-zero-pinot-noir,TDS-0079,75,2026-09-18,2026-09-20,published,,1,,"red_berry,cherry",unpublished,half,red
almost-zero-ravishing-rose,TDS-0012,72,2026-09-18,2026-09-20,published,2,1,3,strawberry,spinning-cone,half,rose
site-riesling-dealcoholized,TDS-0109,81,2026-09-19,2026-09-20,published,2,1,3,"green_apple,pear,lemon,white_peach",vacuum-distillation,half,white
weinkonig-riesling-nr-420,TDS-0117,86,2026-09-20,2026-09-20,published,1,1,4,"green_apple,lemon,orange_peel,mineral",vacuum-distillation,half,white
be-free-rose,TDS-0001,78,2026-09-18,2026-09-20,published,2,,3,"cherry,watermelon,red_berry",unpublished,half,rose
clearscape-rose,TDS-0010,74,2026-09-18,2026-09-20,published,2,1,3,"red_berry,watermelon",unpublished,half,rose
kolonne-null-rose,TDS-0041,82,2026-09-18,2026-09-20,published,,,3,"strawberry,white_peach",vacuum-distillation,zero,rose
ohla-rose,TDS-0104,74,2026-09-19,2026-09-20,published,3,1,,red_fruit,unpublished,zero,rose
plaisir-anais-rose,TDS-0111,80,2026-09-20,2026-09-20,published,2,1,3,"lychee,red_fruit,citrus,blossom",vacuum-distillation,zero,rose
pierre-zero-rose,TDS-0049,77,2026-09-18,2026-09-20,published,,1,3,"red_currant,blackberry,blossom",vacuum-distillation,half,rose
domaine-de-montrose-rose,TDS-0061,80,2026-09-18,2026-09-20,published,2,,,red_berry,unpublished,half,rose
lyres-rum-mule,TDS-0108,76,2026-09-19,2026-09-20,published,2,,,lime_zest,not-applicable,half,
athletic-brewing-run-wild-ipa,TDS-0101,88,2026-09-18,2026-09-20,published,,,3,"hops,orange_peel",unpublished,half,
gruvi-sangria,TDS-0053,80,2026-09-18,2026-09-20,published,2,1,,blood_orange,unpublished,half,
be-free-sauvignon-blanc,TDS-0022,77,2026-09-18,2026-09-20,published,2,1,3,"citrus,grapefruit,floral",unpublished,half,white
torres-serena-sauvignon-blanc,TDS-0023,81,2026-09-18,2026-09-20,published,2,1,,citrus,unpublished,zero,white
jp-chenet-sparkling-rose,TDS-0050,78,2026-09-18,2026-09-20,published,,1,3,strawberry,unpublished,half,sparkling-rose
nooh-blanc,TDS-0115,88,2026-09-20,2026-09-20,published,2,2,4,"green_apple,white_peach,lime,jasmine,blossom",vacuum-distillation,zero,sparkling
mingle-sparkling-raspberry-rose,TDS-0043,79,2026-09-18,2026-09-20,published,2,1,3,"raspberry,blossom,red_berry",not-applicable,zero,
butter-zero-sparkling-rose,TDS-0077,76,2026-09-18,2026-09-20,published,,1,,strawberry,unpublished,half,sparkling-rose
pierre-zero-sparkling-rose,TDS-0107,78,2026-09-19,2026-09-20,published,2,,,red_berry,spinning-cone,zero,sparkling-rose
wolffer-spring-in-a-bottle,TDS-0025,82,2026-09-18,2026-09-20,published,,,3,"red_berry,pear",unpublished,half,sparkling-rose
go-brewing-sunbeam-pils,TDS-0042,85,2026-09-18,2026-09-20,published,,1,3,"bread,hops",unpublished,half,
ritual-zero-proof-tequila,TDS-0074,78,2026-09-18,2026-09-20,published,,,,pepper,not-applicable,zero,
sea-monster-tidal-wave-white,TDS-0076,78,2026-09-18,2026-09-20,published,,,3,citrus,vacuum-distillation,half,white
greenbar-unrum-cola,TDS-0087,76,2026-09-18,2026-09-20,published,2,1,3,"molasses,cinnamon,lime_zest",other,half,
magic-box-vanish-riesling,TDS-0002,80,2026-09-18,2026-09-20,published,,1,3,petrol,unpublished,zero,white
visecco-pinot-meunier,TDS-0057,85,2026-09-18,2026-09-20,published,,,,floral,vacuum-distillation,zero,sparkling
sober-spirits-whisky,TDS-0102,84,2026-09-18,2026-09-20,published,,2,3,toffee,other,zero,
be-free-white-sparkling,TDS-0004,77,2026-09-18,2026-09-20,published,2,1,,fruit,unpublished,half,sparkling
original-sin-cider,TDS-0037,78,2026-09-18,2026-09-20,published,2,,3,"apple,acetic,blackberry",not-applicable,zero,
wiesenobst-cider-rose,TDS-0028,85,2026-09-18,2026-09-20,published,2,,3,red_berry,unpublished,half,
chateau-diana-zero-rose,TDS-0084,75,2026-09-18,2026-09-20,published,,,3,fruit,unpublished,half,rose
chateau-diana-zero-white,TDS-0083,76,2026-09-18,2026-09-20,published,,1,,"honeysuckle,floral,tropical",unpublished,half,white
rondel-zero-cava-rose,TDS-0024,80,2026-09-18,2026-09-20,published,2,,3,"strawberry,cherry,green_apple",unpublished,zero,sparkling-rose
zolo-zero-malbec-rose,TDS-0080,74,2026-09-18,2026-09-20,published,,1,3,"red_berry,plum",unpublished,unpublished,rose
valckenberg-zero-riesling,TDS-0064,80,2026-09-18,2026-09-20,published,,1,3,"pineapple,green_apple,lemon,mineral",unpublished,zero,white
mount-fishtail-sauvignon-blanc,TDS-0078,80,2026-09-18,2026-09-20,published,,1,,citrus,unpublished,half,white
claouset-zero-degre,TDS-0118,84,2026-09-20,2026-09-20,published,2,1,3,"lemon,orange_peel,tropical,pineapple,blossom",vacuum-distillation,zero,white
